{
	"name": "cutscene-creator",
	"version": "0.0.6",
	"title": "Cutscene Creator",
	"description": "Adds a command to create custom cutscenes. \n - Use /cutscene and shift-click anywhere on the map to specify waypoints. Additional settings for transition time, waiting time, and zoom can be adjusted in mod settings. \n - Use /end-cutscene to end a cutscene early and immediately return control to the player.",
	"author": "asher_sky",
	"dependencies": ["base >= 1.1.0"],
	"factorio_version": "1.1"
}
